campo1,campo2
Producto1,Descripcion del producto 1
Producto2,Descripcion del producto 2
Producto3,Descripcion del producto 3
Producto4,Descripcion del producto 4
Producto5,Descripcion del producto 5
Producto6,Descripcion del producto 6
Producto7,Descripcion del producto 7
Producto8,Descripcion del producto 8
Producto9,Descripcion del producto 9
Producto10,Descripcion del producto 10
Producto11,Descripcion del producto 11
Producto12,Descripcion del producto 12
Producto13,Descripcion del producto 13
Producto14,Descripcion del producto 14
Producto15,Descripcion del producto 15
Producto16,Descripcion del producto 16
Producto17,Descripcion del producto 17
Producto18,Descripcion del producto 18
Producto19,Descripcion del producto 19
Producto20,Descripcion del producto 20
Producto21,Descripcion del producto 21
Producto22,Descripcion del producto 22
Producto23,Descripcion del producto 23
Producto24,Descripcion del producto 24
Producto25,Descripcion del producto 25
Producto26,Descripcion del producto 26
Producto27,Descripcion del producto 27
Producto28,Descripcion del producto 28
Producto29,Descripcion del producto 29
Producto30,Descripcion del producto 30
Producto31,Descripcion del producto 31
Producto32,Descripcion del producto 32
Producto33,Descripcion del producto 33
Producto34,Descripcion del producto 34
Producto35,Descripcion del producto 35
Producto36,Descripcion del producto 36
Producto37,Descripcion del producto 37
Producto38,Descripcion del producto 38
Producto39,Descripcion del producto 39
Producto40,Descripcion del producto 40
Producto41,Descripcion del producto 41
Producto42,Descripcion del producto 42
Producto43,Descripcion del producto 43
Producto44,Descripcion del producto 44
Producto45,Descripcion del producto 45
Producto46,Descripcion del producto 46
Producto47,Descripcion del producto 47
Producto48,Descripcion del producto 48
Producto49,Descripcion del producto 49
Producto50,Descripcion del producto 50
